id,target,feat_a_00,feat_a_02,feat_a_04,feat_a_05,feat_a_07,feat_a_11
269,0,,,716.0,5.0,0.0,
296,0,,,615.0,8.0,0.0,
1486,0,,,596.0,1.0,0.0,
2061,0,0.49333334,1000000.0,754.0,1.0,0.0,
2144,0,,,643.0,1.0,0.0,
2956,0,,68949530.0,784.0,7.0,0.0,
2993,0,,,677.0,7.0,0.22222222,
3184,0,,,836.0,1.0,0.0,
3503,0,0.05190304,547204.25,636.0,6.0,0.0,7107.51
3535,0,,798477.0,787.0,2.0,,
3744,0,,540189.0,651.0,8.0,0.0,45573.0
4320,0,,,730.0,2.0,0.0,
5518,0,1.0,108858260.0,809.0,0.0,,
5613,0,,,771.0,0.0,,
6019,0,,,,,,
6096,0,0.76238286,6942902.0,711.0,1.0,,
6197,0,0.9814815,1369474.4,730.5,1.0,,
6670,0,,938315.0,563.0,5.0,0.10526316,92764.42
6714,0,1.0,2699832300.0,736.0,,0.0,
6935,0,,,,,,
7938,0,0.9719281,2650214.5,662.0,2.0,,
8151,0,,,648.0,15.0,0.2,
8197,0,,,,,,
8374,1,0.81758404,602787.5,683.0,5.0,0.03846154,93141.59
8398,0,,,706.0,0.0,0.14285715,
8734,0,0.95070124,1035233.5,795.0,8.0,0.0,24.0
9322,1,,,514.0,2.0,0.0625,
9346,0,,,617.0,8.0,,
9474,0,,2069435.5,767.0,4.0,0.11764706,
9842,0,,,519.5,5.0,0.0,
10371,0,,,629.0,5.0,0.6666667,
10612,0,,0.0,743.0,3.0,0.0,
10642,0,0.40259105,566320600.0,729.0,1.0,,23906000.0
11235,0,,938115.0,590.0,5.0,0.33333334,
11344,0,,13554002.0,,,,287000.0
11592,0,,0.0,815.0,0.0,,
11916,0,,2642692.0,616.0,3.0,,
12150,0,,,782.0,0.0,,
12298,1,1.0,2182246.8,600.0,7.0,,591229.94
12380,0,,1342623.0,609.0,6.0,,
12579,0,,723569.3,782.0,3.0,0.0,
13385,0,,,632.0,4.0,,
14174,0,1.0,244589.05,714.0,4.0,1.0,
14197,0,,,676.0,1.0,0.071428575,13951.92
14439,0,,,745.0,3.0,1.0,
14524,0,,218311.0,718.0,3.0,0.071428575,53406.0
14826,0,0.80903226,260585470.0,702.5,0.0,0.071428575,4624.0
15593,0,,414499.44,687.0,2.0,,28729.0
16092,0,,140239.0,865.0,4.0,0.0,
16784,0,,,445.5,9.0,0.0,
16951,0,,,539.0,0.0,,
17090,0,,,509.0,5.0,0.0,
17803,0,,,712.0,4.0,0.0,
17870,0,,50747.94,660.0,8.0,0.0,
18550,0,,,506.0,1.0,0.375,
18922,0,1.0,161821.92,568.0,1.0,,69932.8
19071,0,,,486.0,2.0,,
19173,1,0.96732736,295748.28,551.0,8.0,0.15384616,
19568,0,1.0,41943.13,390.0,3.0,0.0,
19771,1,0.9727704,9475.33,478.0,17.0,0.06349207,2495.0
19980,0,,,671.0,4.0,0.0,42773.0
21105,0,,,748.0,4.0,0.375,
21183,0,,,760.0,1.0,,
21272,0,,,578.0,3.0,0.14285715,
21508,0,,,642.0,6.0,0.4,
21686,0,,,621.0,4.0,0.0,
21798,0,0.4572986,8871939.0,758.0,2.0,0.0,
21804,0,,,699.0,2.0,1.0,
22358,0,0.5689013,248103310.0,750.0,5.0,0.0,
22416,0,,,799.0,,,
22662,0,,,722.0,5.0,0.14285715,
22872,0,,,,,,
23030,1,0.9462534,925986.7,539.5,4.0,0.0,24512.2
23219,0,,,592.0,16.0,0.23809524,
23304,0,,,750.0,3.0,0.22222222,
23634,0,,2020902.0,801.0,5.0,0.16666667,
23731,0,,,657.0,9.0,0.115384616,
23789,1,0.4313707,2875720.8,816.0,7.0,0.0,36410.16
23804,0,0.9715052,16044663.0,706.0,5.0,0.25,
23911,0,,,671.0,3.0,,
23997,0,,,531.0,5.0,0.6,
24086,0,0.8426862,14279967.0,919.0,3.0,0.0,500.0
25082,0,0.9697,138982.19,552.0,0.0,0.22222222,3363.31
25143,0,,21828636.0,,,,
25789,0,0.11148354,19183436.0,687.0,5.0,,
25818,0,,,432.0,5.0,0.0,
26241,0,,6546540.5,551.5,3.0,,
26487,0,,,868.0,2.0,,
26582,0,,,528.0,16.0,0.09677419,
26998,0,0.62852746,4514860.5,627.0,5.0,,198946.14
27230,0,0.60136366,2997089.0,842.0,5.0,0.0,
28061,0,,86187650.0,670.0,2.0,,
28449,0,,0.0,709.0,,0.0,65887.29
28453,0,,,705.5,4.0,0.0,
28585,0,0.11403,3620.89,633.0,3.0,,
28975,0,,891176.0,539.0,5.0,0.16666667,
29328,0,,,618.0,8.0,0.33333334,
29740,0,,,724.0,1.0,,
30469,0,,,763.0,7.0,0.0,
30488,0,0.00352125,209364460.0,489.0,0.0,,
30853,0,,,612.0,6.0,0.1,
31077,0,,,613.0,10.0,0.0,
32196,0,,4949657.0,616.0,7.0,0.11111111,
33349,0,,695954.0,769.0,5.0,0.07692308,
33404,0,0.44223413,52408332.0,731.0,1.0,,
33692,0,,,635.0,8.0,0.0,
33775,0,,895457.5,673.0,7.0,0.0,450.83
34076,0,,60.0,858.0,2.0,1.0,
34198,0,,,665.0,,,
34389,0,0.47886637,1258706.9,666.5,2.0,,51426.2
34421,0,,,669.0,3.0,0.0,
34430,0,,,475.0,2.0,0.0,
34603,0,0.4425256,5414942.0,751.0,1.0,0.0,
35102,1,0.16113135,0.0,557.0,11.0,0.5,35231.14
35529,0,0.9919609,30497.5,817.0,4.0,0.0,
35540,0,0.935484,469234.16,900.0,3.0,,
36174,0,,,779.0,3.0,0.0,
37328,1,1.0,3500.0,321.0,37.0,0.4864865,32050.0
37867,0,,,667.0,5.0,0.33333334,
38339,0,0.08,30429996.0,799.0,4.0,0.0,
38795,0,,,704.0,10.0,0.0,
38885,0,,,486.0,2.0,0.0,
39052,0,,,,,,
39362,0,0.81175816,6889184.0,620.5,2.0,,
39805,0,,,708.0,,,
39857,0,,27954556.0,699.0,2.0,0.16666667,130518.02
39916,0,,189750300.0,686.0,0.0,,
39992,0,,,,,,
40002,0,,1815440.0,686.5,2.0,,
40536,0,,6046362.0,641.0,2.0,0.23076923,23810.0
40561,0,,50516.0,585.0,6.0,0.16666667,
40739,0,,1256511.8,470.0,6.0,0.21428572,
40928,0,,,582.0,4.0,0.25,
41025,0,,,804.0,3.0,0.06666667,
41380,0,,,535.0,2.0,,
41471,1,,,,,,
42030,0,0.66187215,9386733.0,843.0,0.0,,
42286,0,0.008266667,0.0,572.0,1.0,0.0,
42684,0,,861300.0,737.0,3.0,0.05263158,
42806,0,,7598000.0,821.0,,,
42954,0,,,659.0,3.0,0.0,
43004,0,,,814.0,2.0,0.0,
43010,0,,551244.0,595.0,3.0,0.07692308,
43308,0,,21473566.0,768.0,1.0,,
44549,0,,,548.0,1.0,,
45114,0,,,727.0,7.0,0.72727275,
45347,0,1.0,6794603.0,655.0,16.0,0.12765957,
45704,0,0.5801554,307239100.0,676.0,,,
45969,0,,,472.0,,0.24324325,
46115,0,,,,,,
46656,0,0.5345102,1039539.25,628.0,1.0,0.0,
48064,0,,,814.0,1.0,0.0,
48356,0,1.0,1016566.9,687.0,5.0,0.25,
48528,0,,7465983.5,658.5,5.0,0.045454547,
48758,1,0.6306761,11501.19,607.0,17.0,0.17857143,
48993,0,1.0,139743.94,509.0,6.0,0.09090909,20385.62
49903,0,,,532.0,1.0,0.0,
50090,0,,34715396.0,729.0,1.0,0.33333334,
51449,0,0.2,737770.4,588.0,1.0,,
51741,0,0.63765585,40578360.0,812.0,0.0,,889206.6
51799,0,0.6339248,672294200.0,662.0,,0.0,
52036,0,,9872325.0,848.0,11.0,0.0,50430.16
52175,0,,,829.0,1.0,0.0,
52186,0,,110250.0,557.0,2.0,,
52541,1,,,423.0,12.0,0.10638298,
52795,0,,1376377.9,744.0,2.0,,
52917,0,0.85294,280228.84,647.0,2.0,0.0,
52987,0,,,683.0,1.0,,
53100,1,,,431.0,1.0,0.33333334,
53213,0,,,,,,
53227,0,,115925416.0,,,,
53231,0,,84912310.0,675.0,,,
53312,0,,,621.0,2.0,0.0,
55082,0,,,614.0,7.0,,
55083,0,,,799.0,4.0,0.0,
55686,0,,718983360.0,779.0,4.0,0.27272728,
56836,0,1.0,89184450.0,837.0,1.0,,4404675.0
57010,0,,,581.0,2.0,0.0,
57178,0,,,764.0,5.0,0.083333336,
57274,0,,44523316.0,739.0,4.0,0.33333334,
57427,0,,,882.0,5.0,0.0,
57517,0,,,584.0,14.0,0.04,861.11
57718,0,,1559075600.0,696.0,1.0,,
57768,0,0.38129687,107820470.0,541.0,1.0,,
58376,0,,0.0,769.0,6.0,0.23076923,
58434,0,0.8002993,648307.3,521.0,7.0,0.0,
58645,0,0.6598735,138659170.0,782.0,3.0,,432801.97
59303,0,0.8470738,21461022.0,539.0,12.0,0.15384616,303083.94
60360,0,,,,,,
60648,0,0.53987575,5418075.0,501.0,0.0,0.16666667,
60843,0,,2512.95,854.0,2.0,0.0,
61211,0,0.95454544,96074.84,771.0,7.0,0.114285715,6290.07
61432,0,,,489.0,3.0,0.0625,
61881,0,0.88751775,218965.02,677.0,4.0,0.0,
62633,0,,11897982.0,851.0,2.0,0.14285715,
62678,0,1.0,720775.06,808.0,5.0,0.33333334,747.26
63272,0,,,773.0,11.0,0.0,
63309,0,,,539.5,10.0,,
63885,0,,,776.0,4.0,0.0,
63942,0,0.8589232,1871043.1,609.0,1.0,,
64182,0,,,846.0,0.0,0.0,
64377,0,,,814.0,4.0,1.0,
64805,0,,29754974.0,699.0,3.0,,
64871,0,,,847.0,2.0,0.5,248439.4
65884,0,,,639.0,3.0,0.25,58190.09
66335,0,,930316300.0,782.0,9.0,0.0,
66471,0,0.2,371611200.0,733.0,,,
66617,0,,,736.0,1.0,1.0,
66633,0,,16673849.0,628.0,3.0,,
66696,0,,,,,,
68215,0,0.9999998,9588496.0,836.0,6.0,0.0,
68583,0,0.65,27820332.0,717.5,2.0,,
68614,0,1.0,298414180.0,,,,
68807,0,,,662.5,9.0,0.16666667,
69090,0,,,755.0,2.0,0.0,
69116,0,,,628.0,1.0,0.0,
69341,0,,,563.0,6.0,0.05882353,
69574,0,0.036624853,8423124.0,509.0,12.0,0.083333336,199329.39
70080,0,,,822.0,1.0,,
70301,0,0.00130814,50577444.0,627.0,1.0,,9509.97
70815,0,0.6789479,406081.66,680.0,5.0,0.0,
70834,0,,1010393.0,670.0,10.0,0.0,
71245,0,,49055956.0,555.0,4.0,,11701.44
71278,0,,,510.0,0.0,,
71366,0,,647913.0,816.0,,,
71537,0,0.9482937,621028.06,568.5,4.0,0.16666667,122757.02
71916,0,,2551.0,713.0,2.0,,
73116,0,0.9593094,498703.8,646.0,11.0,0.16666667,
73417,0,,,725.0,2.0,,51295.7
73721,0,0.94931626,4713920.0,720.0,5.0,0.0,19938.96
73838,0,,,717.0,1.0,,
73886,0,0.7279047,4714916.0,621.0,2.0,0.13043478,
74325,0,0.69421786,3226552.2,741.0,7.0,0.15625,
74788,0,0.84760636,644283.56,689.0,9.0,,30283.85
75293,0,,,785.0,3.0,0.0,
75554,0,0.05014075,2673983.0,735.0,2.0,,43488.0
75746,0,,,669.0,4.0,0.0,
75978,0,,50000.0,464.0,12.0,0.3,2500.0
76117,0,0.3386332,27321.56,539.0,8.0,0.09090909,
76147,0,,,648.0,2.0,0.0,
76546,0,0.8464307,1850576.1,749.5,1.0,0.09090909,
76672,0,,0.0,761.0,0.0,,
77099,0,,,647.0,10.0,0.055555556,
77141,0,,,669.0,12.0,0.125,
77481,0,,,717.5,1.0,0.0,
77763,0,,,653.0,3.0,0.0,
77904,0,,,825.0,11.0,0.0,
77984,0,,3838187.5,635.0,3.0,0.21052632,
78097,0,,,735.0,0.0,0.06666667,
78568,0,,14871863.0,823.0,3.0,0.0,36751.0
78648,0,,,776.5,16.0,0.33333334,
78776,0,,,760.0,1.0,,
79056,0,0.92273027,4269359.0,670.0,4.0,,
79887,0,,24799328.0,639.5,3.0,,
79894,0,,,476.0,4.0,0.5,
79970,0,,89129930.0,812.5,1.0,0.0,
81186,0,0.4436738,753408.3,714.0,2.0,,
81301,0,0.82826364,2663185.0,466.0,8.0,0.1,
81368,0,,,711.0,2.0,0.25,
82395,0,,,672.5,3.0,,
82446,0,,,655.0,3.0,0.5,
82452,0,,26356114.0,654.5,0.0,,
82453,0,,,604.0,6.0,,
84070,0,,,604.0,3.0,0.0,
84089,0,,2960.0,880.0,2.0,0.0,
84251,0,,,762.5,2.0,0.0,143062.0
84960,0,,412971.84,821.0,5.0,0.23076923,
85169,0,,,691.0,2.0,0.5555556,
85202,0,,,656.0,7.0,0.09090909,
85716,0,,,848.0,1.0,0.0,
85829,0,0.59141845,6472998.5,665.5,3.0,,
86063,0,,,578.0,6.0,0.0,
86082,1,,,713.5,5.0,0.33333334,
86347,0,0.7832116,35411636.0,748.0,,,
86818,0,,,649.0,,0.0,
87465,0,,,889.0,3.0,0.25,
88288,0,,,683.0,1.0,,
88545,0,,1928220.0,942.0,0.0,,
88739,0,,,705.0,3.0,0.0,
88776,0,,583404350.0,859.0,4.0,,
89000,0,,,734.0,1.0,0.0,
89386,0,,,,,,
90045,0,0.68098545,922961300.0,728.0,2.0,,
90120,0,,,476.0,16.0,0.16666667,
90205,0,,,520.0,11.0,0.0,
90692,0,,,739.0,1.0,,
91279,0,,,764.0,2.0,0.0,
91500,0,,,637.0,1.0,,
91714,0,,,742.5,7.0,0.0,
91931,0,,,581.0,4.0,0.0,
92542,1,,,425.0,,0.0,
92739,0,,,510.0,3.0,0.0,
93032,0,0.9034115,422033.0,495.0,1.0,,
93499,0,,,532.5,3.0,0.1904762,
93938,0,,,736.0,5.0,0.0,115043.2
93972,0,1.0,7850786.0,658.5,3.0,,
95120,0,0.92576945,223086.66,445.0,10.0,0.8,90539.0
95306,0,0.6470584,2309604.8,829.0,3.0,0.6666667,
95951,0,,,632.0,1.0,0.0,
96058,0,0.60348284,45784830.0,501.0,1.0,0.0,
96159,0,,,597.0,5.0,0.75,
96227,0,1.0,220359950.0,701.0,1.0,0.0,1390361.4
96828,0,,,686.0,3.0,,
96848,0,,0.0,671.0,3.0,,
97575,0,,,601.0,9.0,0.5,
98624,0,,0.0,641.0,12.0,0.09677419,
99451,0,0.969697,120826.9,619.0,2.0,0.0,
99564,0,,,558.0,5.0,0.0,
99656,0,,0.0,755.0,3.0,0.0,
99820,0,,,575.0,4.0,0.1,2165.28
100392,0,1.0,40192190.0,710.0,2.0,,
100852,0,,,722.5,5.0,0.5,
100957,0,,,784.0,1.0,0.2,
101615,0,,,732.0,1.0,,
101671,0,,162602.0,838.0,2.0,,
101697,0,,204238930.0,721.0,3.0,0.0,70022.73
101893,0,0.8616076,2802934.8,571.0,4.0,,125912.96
101982,0,0.6,6090482.5,726.0,8.0,,161729.0
102024,0,,,799.0,2.0,,
102090,0,,0.0,837.0,4.0,,
102291,0,,,478.0,4.0,0.8333333,
102566,0,,,698.0,4.0,0.2,
102706,0,,367513.94,564.0,21.0,0.13636364,
103292,0,0.9794526,6959206.0,733.0,6.0,0.0,32039.91
103949,0,,5272575.0,762.0,3.0,0.33333334,
105088,0,0.09467233,919753.94,600.0,10.0,0.114285715,
105273,0,0.24,12738926.0,739.0,2.0,0.0,
105700,0,,,825.0,0.0,,
105870,0,,,692.5,2.0,0.375,
106198,0,0.84,879179.75,628.5,2.0,0.5,259512.0
106537,0,0.3550158,35137710.0,659.0,9.0,0.25,
107131,0,,,439.0,10.0,0.074074075,
107553,0,1.0,113297.26,676.0,5.0,0.0,
107936,0,,,483.0,2.0,0.0952381,
108473,0,,,801.0,2.0,,
108558,0,0.28666666,0.0,670.0,7.0,0.0,
109748,0,,,588.0,8.0,0.22857143,
110491,0,,9616485.0,702.0,1.0,0.0,
110943,0,1.0,7006216.0,636.0,6.0,0.0,
111815,0,1.0,7374261.0,590.0,3.0,0.18181819,
111871,0,0.9,45542070.0,501.5,1.0,0.4117647,121786.0
111960,0,0.9893513,2350517.0,448.0,8.0,0.0,
111979,0,0.8197717,1962277.0,614.0,1.0,,6411.01
112146,0,,,748.0,2.0,,
112290,0,0.9185336,127171.88,544.0,3.0,0.0,13541.18
112496,0,,,814.0,1.0,0.75,
112854,0,,,590.0,10.0,0.0,
112858,0,,887565.0,677.0,2.0,,
113057,0,,1529646.0,778.0,1.0,,
114756,0,,,647.0,7.0,0.2173913,
114871,0,,0.0,589.0,1.0,,
115027,0,,,585.0,5.0,0.33333334,
115180,0,1.0,2026108.0,637.0,4.0,0.0,
115316,0,1.0,644552.06,697.0,14.0,0.0,
115532,0,,60.0,665.0,0.0,0.0,
115696,0,0.86879754,9250628.0,783.0,1.0,0.0,
115714,0,,,554.0,4.0,0.16666667,
116159,0,0.7608907,155016510.0,601.5,1.0,,
116321,0,0.969697,164361.14,782.5,6.0,,13231.21
116401,0,,69153030.0,772.0,1.0,0.6666667,
116953,1,0.2,0.0,301.0,4.0,0.18181819,
117038,0,,640226.0,720.0,1.0,,
117061,0,0.9,93488770.0,731.0,11.0,0.16666667,
117352,0,,759128000.0,613.0,3.0,,3456893.0
117532,0,,,667.5,0.0,0.5,
117629,0,0.8444086,838842700.0,554.0,1.0,,
118596,0,0.05854984,364073.84,506.0,4.0,0.16666667,12980.9
118615,0,,,,,,
118744,1,0.87351185,36049836.0,765.0,13.0,0.15384616,69742.66
118921,0,,,977.0,2.0,,
119038,0,1.0,78482344.0,809.0,10.0,0.05263158,248533.0
119323,0,,,717.0,2.0,,
119585,0,,16109506.0,776.0,7.0,0.0625,
120005,0,0.2223,801899.4,811.0,2.0,0.0,
120177,0,,28447398.0,711.0,1.0,0.0,
120318,0,,,713.0,7.0,0.0,
120746,0,0.9277265,208524.0,578.0,4.0,0.11111111,
121132,0,,12026140.0,813.0,,0.0,
121546,0,,46635.83,662.0,,0.0,
121713,0,,1004508.0,519.0,1.0,,
122234,0,,339288.97,767.0,6.0,0.0,
122337,0,0.846154,889454.06,535.0,10.0,0.13333334,101564.0
122835,0,0.9930348,36836.57,,,,
123015,0,,,,,,
123254,0,0.9584339,27752950.0,688.0,3.0,0.0,
123449,0,,,592.0,3.0,0.0,
123470,0,,127131.0,509.0,2.0,,40762.09
124019,0,0.62608176,1810477600.0,610.5,6.0,0.0,
124072,0,,,549.5,7.0,0.0,
124155,0,,911728.0,604.5,3.0,0.5555556,
124220,0,,,616.0,0.0,0.1,
124408,1,,,777.0,3.0,0.0,
124448,0,,,776.0,1.0,0.0,
124544,0,0.6787879,25999930.0,613.0,4.0,0.27272728,
124859,0,,230232.0,684.0,1.0,,
125007,0,,,673.0,4.0,0.25,
125199,1,0.25,0.0,550.0,17.0,0.0,
125663,0,0.9226593,77330160.0,693.0,4.0,,
126081,0,,,381.0,11.0,0.14705883,
126640,0,,,508.0,5.0,0.3,101222.36
126807,0,,477629900.0,476.0,4.0,,
126895,0,,18786548.0,664.0,0.0,0.0,
128398,0,,,780.0,2.0,,
130253,0,,,,,,
130604,0,,2417936400.0,614.0,2.0,,
131021,0,,,589.0,1.0,,
131088,0,,11479736.0,,,,
131452,0,,,672.0,5.0,0.0,
131507,0,0.5664461,66263424.0,569.0,,,
131545,0,0.8130084,237095790.0,671.0,6.0,0.0,
131588,0,,,944.0,2.0,0.0,
131852,0,,,665.0,,0.22222222,
132207,0,,70483570.0,793.0,2.0,0.0,
132261,0,,,673.0,1.0,0.25,
132338,1,,5158170.5,886.0,4.0,,
132395,0,,,561.0,1.0,0.0,
132407,0,,,728.0,1.0,0.0,
132415,0,,9042393.0,778.0,2.0,,
132473,0,,3907875.0,660.0,1.0,0.2,
133366,0,,32957148.0,622.0,7.0,,
133368,0,,0.0,,,,
133369,0,,,653.0,,0.2857143,
133988,0,,,630.0,6.0,0.25,
134253,0,,4625574.5,653.0,2.0,0.0,
134289,0,0.18261966,32270624.0,750.0,2.0,0.0,
134818,0,,,895.0,0.0,,
135076,0,1.0,37406210.0,795.0,2.0,0.0,
135536,0,,,544.0,1.0,,
135651,0,,,801.0,3.0,0.0,
136093,0,,,736.0,2.0,,
136308,0,,,490.0,10.0,0.33333334,
136358,0,0.6837159,0.0,635.0,2.0,,
136417,0,,,802.5,1.0,,
136438,0,,,902.0,1.0,,
137098,0,0.0012354867,92394030.0,670.5,0.0,,
137831,0,0.8463237,6909181.5,726.0,3.0,0.1,
138224,0,0.42857137,17727198.0,732.0,4.0,,32950.68
138485,0,0.16674338,42306916.0,,,,
139421,0,0.9707708,58836.46,703.0,3.0,0.10344828,
139651,0,,2008433.0,719.0,2.0,,134848.66
139822,0,0.92316896,87920.77,582.5,2.0,0.25,7698.85
140077,0,0.85345435,9233408.0,709.0,1.0,0.0,
140411,0,0.9998425,397508.38,549.0,11.0,0.0,
140463,0,,,704.0,4.0,1.0,
140758,0,,,779.0,2.0,0.0,
141204,0,,,694.0,7.0,,
141208,1,,,637.0,6.0,0.2,
141604,0,,,832.0,3.0,,
142018,0,,2531201.0,656.0,1.0,,
142100,0,,,795.0,1.0,,12976.0
142209,0,0.9919605,31148064.0,605.0,1.0,,
142308,0,,,754.0,3.0,0.0,
142560,0,,,794.0,,0.0,
142798,0,,,813.0,11.0,0.0,51429.1
143253,0,0.88579035,26907.45,678.5,1.0,0.0,4819.57
143365,0,,,628.0,4.0,0.5,
144158,0,1.0,26549226.0,647.0,6.0,0.0,10092.15
144295,0,0.8493627,107486970.0,795.0,1.0,0.4,
144520,0,,,714.0,0.0,0.0,
145801,0,,,,,,
145815,0,,,646.0,2.0,,
146060,0,,63632.0,795.0,2.0,,
146097,0,,2015425.9,706.0,3.0,0.0,18138.15
146288,0,,28662460.0,813.0,1.0,,
146646,1,,,514.0,13.0,0.16216215,
146754,0,0.9293517,173730160.0,543.0,9.0,0.33333334,525813.0
147075,0,,285501.0,879.0,4.0,0.2857143,
147596,0,,,655.0,1.0,0.0,
148469,0,,86700200.0,,,,
148514,0,0.89470863,31844550.0,567.0,3.0,,
149930,0,,,672.0,1.0,0.0,
150134,0,,5698523.0,854.0,4.0,0.23529412,
151083,0,0.50925547,136235300.0,675.0,0.0,,
151729,0,,,651.5,2.0,0.0,
151766,0,,,,,,
151780,0,,268.0,499.0,1.0,0.25,
151842,0,0.66055554,51027864.0,506.0,1.0,,
152102,0,,111841260.0,758.0,4.0,1.0,
152134,0,,,,,,
152138,0,,,743.0,2.0,,
152191,0,,3865125.2,789.0,5.0,0.0,
152301,0,,,812.0,3.0,0.0,
152596,0,0.22222222,2263642.8,776.0,7.0,0.0,
153393,0,1.0,1013838.7,508.0,7.0,0.125,
153865,0,,,878.0,1.0,0.0,
154065,0,0.54678303,4971835.5,803.0,2.0,,
154256,0,,,762.5,4.0,,
154291,0,,,632.0,1.0,,
154350,0,0.52873415,44843680.0,706.0,13.0,0.44444445,
154531,0,,,847.0,6.0,0.0,
154745,0,,1983289.0,599.5,6.0,0.0,339463.0
154867,0,,,829.0,7.0,0.0,
155749,1,0.8,0.0,340.0,9.0,0.09090909,
155776,0,,,611.5,2.0,0.0,
155785,1,,,395.0,2.0,0.5,
155877,1,,97571.03,542.0,4.0,0.2777778,
155944,0,,,705.0,1.0,,
156132,0,,,734.0,0.0,,
156729,0,0.89947426,595371.06,639.0,3.0,,
156753,0,,,667.0,8.0,0.0,
157114,0,,,729.0,4.0,0.6666667,
157809,0,,8083808.0,605.0,2.0,,
158275,0,,99278376.0,688.0,0.0,,
158326,0,,8746026.0,854.5,3.0,0.071428575,
158487,0,0.7058833,199599.77,636.0,1.0,0.0,
158510,0,,,733.0,4.0,0.0,
158642,0,,946901.0,613.5,4.0,,
159225,0,,37282292.0,836.0,,,
159850,1,1.0,0.0,331.0,11.0,0.33333334,
159918,0,,543683300.0,828.0,1.0,0.0,9464.0
160054,0,0.7437265,104205.43,567.0,6.0,0.0,1797.74
160176,1,,,608.0,7.0,0.25,
160300,0,,,659.0,8.0,0.0,
160482,0,0.99615407,6892988.5,731.0,2.0,,
160771,0,,,806.0,4.0,0.0952381,
161308,1,,,479.0,19.0,0.23809524,
161565,0,,1935922.5,570.0,1.0,0.5,
162026,0,0.25272,50678616.0,684.0,2.0,,
162583,0,,,790.0,0.0,0.6666667,
162912,0,,0.0,729.0,8.0,0.25,
162930,0,,,824.5,1.0,,
163236,0,,78331.0,845.0,5.0,0.0,
163283,0,,,687.0,,,
163746,0,,3092543.0,837.0,2.0,0.07692308,
163758,0,,,642.0,5.0,0.0,
163968,0,0.8416979,1334280400.0,744.0,5.0,,
164443,0,,,724.0,1.0,,
164996,1,,7481834.5,718.0,3.0,0.16666667,8676.15
165964,0,0.9207667,12478.03,714.0,9.0,0.0,
165988,0,,,743.0,5.0,0.0,
166020,0,0.9022772,1129551.8,570.0,12.0,0.027777778,16156.45
166450,0,,0.0,659.0,4.0,0.05882353,
166665,1,,,372.0,4.0,0.0,
167125,0,,,693.0,7.0,0.0,
167178,0,,,881.0,5.0,0.1,
167510,0,,,743.0,1.0,0.0,
167814,0,1.0,10482127.0,650.5,4.0,0.0,2503.11
168095,0,,,848.5,1.0,0.14285715,
168760,0,0.6924,1739085.8,721.0,0.0,,
168771,0,,,694.5,2.0,0.22222222,28135.89
168832,0,,,,,,
169015,0,,,643.0,8.0,0.0,
169235,0,,,779.0,3.0,0.07692308,
169424,0,,134107360.0,660.0,3.0,,
169574,0,,,664.0,2.0,,
169639,0,,,532.0,4.0,0.375,
169701,0,,7513620.0,645.0,1.0,,
170103,0,,191099.0,,,,89031.44
170441,0,,,697.0,2.0,0.11111111,
170659,0,,,,,,
171073,1,,1091.0,611.0,7.0,0.11764706,
171229,0,0.30887038,37167.5,,,,19224.0
171740,1,1.0,0.0,459.0,1.0,,
171792,0,,,720.0,7.0,0.0,
172194,0,,,543.0,2.0,,
172242,1,,,,,,
172600,0,,,608.0,5.0,0.21052632,
172844,0,,1475555.4,819.0,2.0,,
172917,0,,93906110.0,877.5,7.0,0.09090909,
173455,0,,999954.4,558.0,5.0,0.18181819,
174009,0,,,852.0,1.0,,
174027,0,,,571.0,11.0,0.125,
174350,0,0.66666585,5308284.5,658.0,7.0,0.1,3542869.8
174500,0,,,786.0,1.0,0.0,
175258,0,,,809.0,3.0,0.0,
175539,0,1.0,9205333.0,487.0,2.0,0.0,
175766,0,0.8557276,519197000.0,772.0,,0.0,
175887,0,,,782.0,2.0,,
175962,1,0.9862754,2497.74,432.0,22.0,0.09090909,2599.25
176044,0,,,884.0,1.0,,
176341,0,,957112.3,705.0,1.0,,
176349,0,,,531.0,4.0,0.5,
176395,1,0.6356791,0.0,390.0,0.0,0.0,
176916,0,0.9625,61040676.0,703.0,0.0,,
177707,0,,2500.0,667.5,0.0,0.16666667,
177893,0,,5772665.0,735.0,2.0,0.0,
177971,0,0.81303316,8781340.0,878.0,2.0,0.03846154,94969.0
178497,0,,7632160.0,775.0,3.0,1.0,
178653,0,,,753.0,6.0,0.0,
179103,0,,,710.5,1.0,0.14285715,
179241,0,,,387.0,15.0,0.10526316,
179389,0,,23428144.0,663.0,4.0,,
179403,0,,,757.0,5.0,0.33333334,
179445,0,,,893.0,6.0,0.0,
179516,0,,4724906.0,757.0,6.0,0.0,
179674,0,,,628.0,2.0,,
179780,1,0.96366245,1883189.2,767.0,9.0,0.14285715,24964.16
181494,0,,602352.6,815.0,3.0,0.5,
181670,0,,11579537.0,604.0,1.0,0.09090909,
181740,0,,,941.0,8.0,0.0,
181869,0,,,607.0,7.0,0.0,27075.0
181990,0,0.8181818,21523276.0,773.0,2.0,,
182245,0,0.8572,33787330.0,880.0,5.0,1.0,
182406,0,0.43180004,466734500.0,752.0,2.0,0.0,
182536,0,,,763.0,2.0,0.0,88906.0
182791,0,,,777.0,1.0,0.5,
182834,0,,,483.0,1.0,,
182866,0,1.0,227759920.0,707.0,2.0,0.4,
183255,0,,31680536.0,515.0,4.0,,
183407,0,,,826.0,3.0,,
183547,0,,60.0,914.0,5.0,0.0,
183745,0,,,717.0,1.0,0.0,
184150,0,,,576.0,5.0,0.33333334,
184543,0,1.0,28029354.0,623.5,5.0,0.0,
185388,0,,,706.0,7.0,1.0,
185741,0,,0.0,702.0,2.0,,
185751,0,,3595766.5,506.0,0.0,,
185815,0,0.6804438,7461523.0,,,,3271.15
186120,1,0.87315166,51533.74,481.0,4.0,1.0,
186371,0,0.5035516,1595699.5,756.0,2.0,0.0,
186585,0,0.6795,297679230.0,744.0,3.0,0.0,646.82
187096,0,,27961288.0,461.0,,,
187409,0,0.4912281,2965558.2,787.0,3.0,,108828.31
188372,0,,,739.0,2.0,,
188658,0,,1784084.0,751.0,,,
189298,0,,12993462.0,845.0,3.0,0.14285715,
189450,0,0.725,13105778.0,772.0,1.0,,
189794,0,,,364.0,19.0,0.11363637,
189978,0,,,592.0,1.0,0.0,
190138,0,,265104720.0,696.5,2.0,,
190166,0,,,809.0,4.0,0.0,
190168,0,,,678.0,,0.23076923,
190263,0,,,747.0,2.0,,
190283,0,0.46827582,395111070.0,838.0,1.0,,
191060,0,,23438912.0,667.0,,,
191202,0,0.000357084,0.0,742.0,4.0,0.13636364,
191902,0,,0.0,815.0,2.0,0.16666667,
191981,0,0.85,18519698.0,497.0,2.0,,421462.4
192079,0,,,670.0,3.0,,
192671,1,,,492.0,7.0,0.08,56259.0
193345,1,,0.0,496.0,4.0,,
193468,0,,,795.0,3.0,0.0,
193611,0,0.75569063,2459090.2,537.0,4.0,,187099.84
193822,0,,,799.0,3.0,0.2,
194337,0,,38698010.0,,,,
194359,0,,50895170.0,748.0,,0.0,
194521,0,,,773.0,4.0,,
194837,0,,,737.0,10.0,1.0,
194859,0,,,837.0,0.0,,
194901,0,,,679.0,1.0,0.0,
194932,0,0.89,1310508.9,733.0,0.0,,260790.0
195213,0,,,403.0,3.0,0.09090909,
195643,1,0.10534859,15378266.0,819.0,11.0,0.15,500721.34
196288,0,0.8575,140922.42,712.0,1.0,,
196629,0,,,,,,
196877,0,,,450.0,,0.07692308,
197028,0,,,360.0,7.0,1.0,
197411,0,,,686.0,1.0,,218386.0
197450,0,0.69529027,5526574.0,764.0,3.0,0.0,
198015,0,,,789.0,3.0,0.15384616,
198330,0,,,753.0,3.0,0.33333334,
198730,0,0.9065357,6745438.5,677.0,4.0,0.5,55923.24
198845,0,,,690.0,,,
199025,0,,983424.0,660.0,4.0,0.14285715,
199152,0,,2951555.0,750.0,0.0,0.11111111,
199395,0,,7979640.5,760.0,7.0,0.0,
199456,0,,65844492.0,631.5,3.0,0.0,
199694,0,0.9928879,948059.25,720.0,3.0,,
200033,0,0.3029233,3895214.2,611.0,4.0,0.2631579,41465.0
200240,0,,,,,,
200386,0,,,806.0,3.0,0.16666667,
200803,0,,58330110.0,591.5,3.0,0.0,
200921,0,,0.0,760.0,5.0,0.16666667,10130.12
201085,0,,,619.0,11.0,0.028571429,
201273,0,0.18678553,0.0,662.5,9.0,0.0,
201810,0,,,,,,
201986,0,,517136.0,714.0,5.0,0.0,5292.0
202584,0,,,,,,
202925,0,,15388276.0,706.0,,0.0,1631178.1
203141,0,,0.0,707.0,1.0,0.23076923,
203502,0,,3884572.0,829.0,0.0,,
203585,0,0.5212068,34787440.0,637.0,1.0,,
203937,0,,,784.0,3.0,,
205350,0,,,800.0,0.0,0.0,27794.22
206034,0,,,861.0,4.0,,
206231,0,1.0,430666940.0,802.0,0.0,,
206396,0,0.7269885,1052846.6,494.0,8.0,0.26666668,18117.99
206657,0,,,596.0,7.0,0.05882353,
206860,0,0.97009367,403706.34,617.0,,0.16129032,36328.37
206900,0,,0.0,503.0,,,
206901,0,,,785.0,1.0,0.16666667,
207838,0,0.5796754,731140800.0,510.0,5.0,0.0,5601.62
208079,0,,,617.0,,1.0,
208462,0,,3865473.0,825.0,5.0,0.0,
208539,0,0.8504739,177757570.0,715.5,2.0,0.0,
208696,0,,,770.0,2.0,0.0,
208722,0,,,632.0,4.0,0.4,
209322,0,,,670.0,8.0,,
209864,0,0.6720266,87608984.0,726.5,1.0,0.0,
210030,0,0.58538455,10516557.0,809.0,1.0,0.0,
210585,0,,,758.0,2.0,,
210781,0,,,471.0,4.0,0.0,
211152,0,,46870.0,763.0,9.0,,
211158,1,,,871.0,1.0,0.0,
212046,0,,9267526.0,538.0,2.0,0.0,
212127,1,,25576526.0,824.0,3.0,,173407.0
212473,0,0.46992728,292544350.0,771.0,2.0,0.0,122375.4
213093,0,,,725.0,3.0,,
214222,0,1.0,5696476.5,576.0,1.0,,158796.0
214393,0,,,877.0,3.0,,
214627,0,,,,,,
215000,0,,370378300.0,802.0,0.0,0.0,
215198,0,,2500.0,810.0,1.0,0.0,
215457,0,,,740.0,2.0,0.33333334,
215765,0,,10691130.0,635.0,2.0,0.0,
216134,0,,2630590.0,568.0,6.0,,
216821,0,,,502.0,0.0,,
216884,0,,,482.0,8.0,0.15,
216931,0,,,532.0,7.0,0.15384616,18885.0
216955,0,,,561.0,6.0,0.33333334,
217214,1,0.8301252,100343660.0,660.0,2.0,0.0,
217400,1,,,586.0,4.0,0.23076923,
217420,0,,5040264.0,600.0,7.0,0.07692308,4917326.5
217493,0,,30028432.0,735.0,4.0,,
217759,0,,11847015.0,534.0,,,
217826,0,,,,,,
218030,0,0.9372304,3929597.5,706.0,1.0,,
218255,0,0.39588013,455155330.0,862.0,0.0,,
218332,0,,,673.0,4.0,0.0,
218620,0,,59544028.0,544.0,,0.0,
218651,0,,,749.0,1.0,,
218841,0,,5773221.0,,,,
219374,0,0.48531145,86119816.0,802.5,0.0,,
219780,0,,,610.0,7.0,0.4,
219991,0,,,,,,
220594,0,0.1875,1901547.5,726.0,3.0,,
220740,1,0.99901086,279238430.0,828.0,,0.0,
220983,0,,38431810.0,723.0,0.0,,
221000,0,0.7305845,32868156.0,768.5,1.0,,
221575,0,,,,,,
221897,0,0.85463,0.0,692.0,3.0,,
222214,0,,50097380.0,812.0,1.0,,
222342,0,0.50730634,6484314.0,595.0,4.0,0.0,48229.55
222528,0,,234267460.0,727.0,9.0,,
222919,0,,14879758.0,790.0,,,
223243,0,,,745.0,0.0,1.0,
223392,0,,3042230.0,850.0,14.0,,
223915,1,,,405.0,12.0,0.18181819,
224255,0,,119551810.0,,,,
224775,0,,0.0,545.0,9.0,0.3,
224887,1,,,494.0,13.0,0.16666667,
225178,0,,,669.0,1.0,0.0,
225188,0,1.0,17805.72,500.0,,,
225777,0,,60837836.0,770.0,8.0,,
225794,0,,,642.0,11.0,0.08695652,
226213,0,,,630.0,0.0,,
226223,1,0.96339095,43074.39,674.0,2.0,0.0,43074.39
226586,0,,,818.0,1.0,0.0,
226922,1,1.0,243848.08,603.0,4.0,0.41666666,113461.68
226938,0,,766309300.0,843.0,1.0,,172581.7
227108,0,,,733.0,3.0,,
227287,0,,,645.0,8.0,1.0,
227351,0,,5354449.0,881.0,4.0,0.22222222,
227642,0,0.65217394,637587.7,544.0,3.0,1.0,24483.0
227811,0,0.65657496,186388320.0,765.0,1.0,,
227975,0,,,740.0,2.0,,
228134,0,,,,,,
228916,0,,,657.0,9.0,0.071428575,
229163,0,0.7560245,219035.56,692.0,2.0,0.75,
229279,0,,,509.0,0.0,,
229342,0,0.9998878,5690207.5,670.0,7.0,0.14285715,
229509,0,0.08537105,876611.5,569.0,7.0,0.15384616,6818.13
229678,0,1.0,1601883.1,609.0,13.0,0.10714286,
229687,0,,,512.0,7.0,0.2,
229777,0,,,790.0,1.0,,
230242,0,,,641.0,1.0,0.14285715,
230459,0,,,482.0,3.0,1.0,8917.0
230495,1,,,565.0,6.0,0.0,
230503,0,1.0,86960890.0,614.0,0.0,0.0,
231108,0,,,577.0,1.0,,
231152,0,,,679.0,7.0,0.0,
231168,0,,,640.0,3.0,0.0,
231745,0,,5329115.0,656.0,12.0,0.069767445,
232087,0,0.5218881,7334987.5,756.0,2.0,1.0,33271.69
232144,0,,4841443.0,594.0,16.0,0.22222222,
232201,0,,494184.0,780.0,2.0,,
232394,0,,,702.0,4.0,0.09090909,
232817,0,1.0,13444242.0,743.0,1.0,,544.0
232914,0,,,695.5,6.0,0.0,
233539,0,,,669.0,12.0,0.6666667,
233680,0,,,637.0,11.0,0.16,
233720,0,,,577.0,7.0,0.0,
234460,0,0.72,232917890.0,545.0,2.0,,152380.0
234492,0,1.0,122140.58,639.0,4.0,0.10526316,
234763,0,0.2679831,2323654.0,699.0,24.0,0.06896552,81692.0
234818,0,0.969697,341763360.0,747.0,4.0,,
235654,0,1.0,45624100.0,751.5,1.0,0.0,
235797,0,0.9705882,627128.0,683.0,4.0,0.0,
236016,0,0.3526342,105827890.0,775.0,1.0,0.0,
236074,0,,0.0,602.0,2.0,1.0,249996.84
236153,0,,,519.0,5.0,0.10344828,
237224,0,,,604.0,3.0,,
237284,0,,2590578.0,777.5,3.0,,
237351,0,,,703.0,3.0,,
237827,0,,,626.0,4.0,1.0,
238562,0,,,502.5,3.0,0.6666667,
239215,0,,,707.5,3.0,0.09090909,
240197,0,,,761.0,,,
240251,0,0.7174388,13987.32,710.5,2.0,0.0,
240534,0,,,538.0,,0.0,
240860,0,,,382.0,9.0,1.0,
241302,0,,,689.0,9.0,0.0,
241427,0,,,687.0,4.0,0.6666667,86217.09
241468,0,0.8222589,29979028.0,813.0,2.0,,
241514,0,,,772.5,7.0,0.0,
241578,0,,,566.0,4.0,0.0,
241590,0,0.666555,221229010.0,452.0,,,579.56
241830,0,,,575.0,2.0,,
242681,0,,,676.0,3.0,0.0,
242810,0,0.90166163,12094387.0,843.0,5.0,0.0,
243061,0,,,628.0,1.0,,
243723,0,,124322500.0,862.0,0.0,,
243821,0,0.42857218,1314295.0,679.0,2.0,0.0,155431.23
244608,0,,167458460.0,761.5,3.0,0.0,
245034,0,1.0,5183590.0,754.0,,0.0,
245666,0,,0.0,820.0,1.0,0.0,
245834,0,,,735.5,2.0,0.0,
245871,0,,,665.0,10.0,0.09090909,
246064,0,,7576390.0,582.5,1.0,,
246666,0,,,784.0,,0.16666667,
246734,0,,,631.0,10.0,0.11764706,
246830,0,0.439204,1547542.6,717.0,4.0,0.0,
246907,0,,760437.0,794.0,0.0,,
248029,0,,508688740.0,675.0,5.0,0.0,613287.7
248561,0,,,800.0,1.0,,
248746,0,,290363420.0,600.0,0.0,,
248959,0,,,905.0,2.0,,
249005,0,0.9251648,1129633.0,667.0,15.0,0.33333334,
249052,0,1.0,860043.2,740.0,6.0,0.0,
249076,0,,,650.0,4.0,,
249491,0,0.016801136,9507911.0,744.5,1.0,,166848.92
249647,0,,,668.0,9.0,0.07692308,42477.55
249672,0,,,893.0,4.0,0.071428575,
250156,0,,,,,,
250528,0,,,457.0,4.0,0.22222222,
250715,0,,,375.0,12.0,0.14285715,44314.03
250724,0,0.68909,2985077.5,763.5,7.0,0.0,1450.66
251017,0,,,638.0,3.0,,
251022,0,,49188320.0,730.0,2.0,,
253422,0,,,767.0,1.0,,
253910,0,,,858.0,0.0,,
254331,0,0.6223458,2241063.2,697.0,0.0,,37879.96
254527,0,,,685.0,1.0,,
254600,0,,,532.0,,0.3125,
255971,0,,994241900.0,522.0,1.0,,
256613,0,,240305860.0,,,,
256923,0,,0.0,655.5,3.0,0.25,
256965,1,,,580.0,5.0,0.14285715,35286.0
257514,0,0.62971413,32536536.0,590.0,9.0,0.29411766,174244.08
258266,0,0.8471996,8616617.0,625.0,4.0,0.0,
258602,0,0.7706589,46132052.0,860.0,,0.5,
258622,0,,,708.0,2.0,0.0,
258665,0,,3980907.8,578.0,1.0,,23061.0
258677,0,,723173300.0,600.0,3.0,0.0,
259219,0,0.76666665,0.0,735.0,1.0,,
259497,0,,,538.0,10.0,0.2857143,
259759,0,,139375600.0,705.0,,,
259775,0,0.17471796,1387158.1,775.0,2.0,0.0,
259872,0,,,,,,
260174,0,,,701.0,0.0,,
261563,0,,166884910.0,541.0,0.0,,
261631,0,,34590380.0,869.0,3.0,0.5,56508.17
261682,0,,636774.0,480.0,1.0,0.0,
261900,0,,,784.0,1.0,0.0,
262003,0,,7337063.0,680.0,2.0,0.0,
262022,0,,160167070.0,927.0,,,
262523,0,,,770.0,3.0,,
262564,0,,12378600.0,837.0,1.0,,
262575,0,,69259336.0,701.0,1.0,,
263153,1,,,679.0,5.0,0.115384616,
263266,0,,,661.0,2.0,0.5,
263460,0,,,769.0,1.0,,
263629,0,,,611.5,6.0,0.0,
263664,0,,6302005.5,639.0,3.0,0.0,2758.09
263748,0,,,637.0,13.0,0.021276595,3795.23
264623,0,0.084684245,200631.95,540.0,11.0,0.26666668,20959.0
264681,0,,32232266.0,932.0,6.0,0.07692308,9180.0
264690,0,,9210658.0,744.0,1.0,0.0,
265149,0,,551963.75,769.0,2.0,0.0,
265248,0,,10697365.0,803.0,0.0,,
265353,0,0.6983657,1792802.4,793.0,3.0,0.0,48109.0
265482,0,,,629.0,3.0,,
266032,0,0.85655767,353135.12,635.0,3.0,0.11111111,674.42
266157,0,1.0,1189808.4,522.0,9.0,,73674.9
266425,0,,2175593.2,702.0,7.0,0.05882353,
266508,0,,60.0,661.0,1.0,0.11111111,
266692,0,,60785412.0,773.0,2.0,,
266833,0,,,496.0,16.0,0.103846155,
267095,0,,11411609.0,806.0,3.0,0.5,228589.16
268585,0,,1162363.0,762.0,6.0,0.0,
268677,0,,0.0,560.0,4.0,0.33333334,
268719,0,,,712.0,11.0,0.0,
269030,0,,23382746.0,722.0,2.0,,
269132,0,,,682.5,9.0,0.0,
269728,0,0.565,2243650.8,779.5,3.0,,
270082,0,0.9310704,3499875.2,600.0,2.0,0.25,24415.16
270393,0,0.52879906,8187927.0,564.0,1.0,0.0,81469.0
270839,0,,,779.0,2.0,0.0,
271596,0,0.7419381,0.0,514.0,3.0,0.0,
271704,0,,,724.0,2.0,0.0,
272046,0,,,,,,
272495,0,,,557.0,10.0,0.08695652,
272615,1,0.5819247,5588582.5,757.0,5.0,0.0,
272955,0,0.9572023,43994.34,584.0,17.0,0.05882353,
273224,0,,,702.0,1.0,,
273361,0,,,873.0,1.0,0.0,
274339,0,1.0,0.0,713.5,2.0,0.16666667,
275748,0,,13987270.0,638.0,1.0,0.0,
275806,0,,,,,,
276527,0,,4799383.5,828.0,0.0,,
276550,0,,,,,,
276723,0,,,462.0,8.0,0.14814815,
277104,0,,,760.0,4.0,,
277129,0,,,793.0,3.0,0.0,
277324,0,,,824.0,0.0,,
277692,0,,,,,,
278268,0,,380918.0,743.0,1.0,,
278532,0,,,849.0,3.0,,
278681,0,,,619.5,0.0,0.2173913,
279359,0,,,638.0,4.0,0.0,
279457,0,,,851.0,1.0,,61681.0
280075,0,,59445350.0,648.0,,0.4,
280139,0,,,692.0,4.0,,
280511,0,,,550.0,14.0,0.0,
280945,0,,,423.0,14.0,0.5,
281876,0,,3111057.2,616.0,3.0,0.14285715,
282024,0,0.9078817,491750.78,661.0,1.0,,
282060,0,0.972,2285210.8,615.0,1.0,,
282949,0,,102895660.0,782.0,1.0,,
282976,0,,,611.5,3.0,0.0,
283519,0,,,711.5,7.0,,
283733,0,,,633.0,3.0,,
283747,0,,1014931.5,785.0,0.0,,
283798,0,0.54808545,73347210.0,724.0,,,
284349,0,,30851384.0,671.0,0.0,,
284628,0,,,818.0,2.0,,
285404,0,,0.0,786.0,,,
287111,0,,4222640.0,740.0,6.0,0.0,
287267,1,0.9248873,778745.75,614.0,2.0,,65238.54
287302,0,,,610.0,8.0,0.5,
287647,0,,,799.0,3.0,0.0,
287877,0,0.9051972,23973470.0,735.0,3.0,0.0,
288430,0,,15175564.0,640.0,1.0,,
288479,0,0.84522027,122374390.0,705.0,,,
288595,0,,202399.0,742.5,5.0,0.5,
289508,0,,,772.0,3.0,,
290075,0,0.36586332,2045834.0,917.0,1.0,,
290240,0,,,687.0,2.0,,
290691,0,0.91948056,33753748.0,721.0,2.0,0.0,
290692,0,,,885.0,2.0,,
290758,0,,,,,,
290870,0,,,638.0,3.0,0.0,
290887,0,,,756.0,8.0,0.0,
291601,0,,,704.0,2.0,,
291839,0,0.8944531,710232.4,495.0,5.0,0.0,15431.14
291920,0,0.16578147,1385967.5,595.0,4.0,0.014705882,
292047,0,0.4110324,1214894.5,677.0,2.0,0.11764706,
292068,0,0.7235266,39758810.0,838.0,3.0,0.0,1085495.2
292193,0,,,,0.0,,
292574,0,,,609.0,3.0,1.0,
292662,0,,1954599300.0,881.0,2.0,0.6,
293241,0,,7672665.0,564.0,7.0,0.13043478,1147210.2
293318,0,,,647.0,2.0,0.0,
293371,0,,,847.0,3.0,1.0,
293915,0,,60378450.0,750.0,5.0,0.0,53007.0
293941,0,0.86922204,0.0,507.0,2.0,,
295828,0,,,672.0,2.0,0.2,
296035,0,1.0,10955696.0,644.0,7.0,0.27272728,14650.68
296044,0,,47446650.0,738.5,5.0,0.0,
296238,0,,,846.5,2.0,0.0,
296296,0,,0.0,805.0,1.0,,
296489,0,,980749.75,897.0,0.0,0.0,
296554,0,,32696320.0,753.0,,,
296725,0,,0.0,713.0,1.0,,
296802,0,,,646.5,2.0,0.18181819,
296849,0,,2702309.0,796.0,16.0,0.07692308,
296862,0,,,824.5,2.0,0.5,
297150,0,,8592566.0,751.0,4.0,0.071428575,326900.0
297286,0,,,774.5,2.0,,
297640,1,,,795.0,1.0,0.75,
298061,0,,55047610.0,700.0,,,
298352,0,0.68985593,784954700.0,526.0,1.0,,
299082,0,,9690376.0,718.5,2.0,0.0,
299119,0,0.7025,14441076.0,755.0,,,
299474,0,,,660.5,6.0,0.0,
299493,0,0.83559126,18404496.0,725.0,9.0,0.0,
299759,0,,,692.0,4.0,0.0,
299770,0,0.245,256794400.0,751.0,1.0,0.5,
299985,0,,,665.5,2.0,0.0,
300280,0,1.0,27016.0,799.0,2.0,0.083333336,
300602,0,,,641.0,2.0,0.0,
301007,0,,7774.0,776.0,0.0,0.0,
301257,0,,,533.0,3.0,0.2857143,
301324,0,,0.0,,,,
301594,0,,,703.0,5.0,,
301654,0,,,614.0,1.0,0.1,
301765,0,,,702.0,8.0,0.11111111,
302316,0,,12063100.0,568.0,6.0,,
302424,0,0.03469882,1354045.0,620.0,2.0,0.0,
302710,0,,,566.0,,0.25,
